bctr,table,count,bound,targets
0201F56C,0201F570,26,cmplwi,020201BC 020201E8 02020D90 02020D90 02020D90 02020D90 0202006C 0202009C 0202006C 020200DC 02020D90 02020194 020201A8 02020D90 02020D90 02020D90 02020D90 02020D90 02020D90 02020D90 02020D90 02020D90 02020D90 02020D90 020201BC 020201E8
020230C4,020230C8,20,cmplwi,020231E0 0202327C 02023188 0202315C 020231E0 02023238 0202327C 02023374 02023374 02023374 02023374 02023374 02023374 02023374 02023374 02023374 020231E0 0202327C 02023188 020231B4
02049550,02049554,11,cmplwi,02049580 020495C0 02049700 02049724 020497DC 020498D8 02049990 02049AA4 02049C1C 02049CB4 02049D34
0204A764,0204A768,8,cmplwi,0204A788 0204A818 0204A890 0204A92C 0204A97C 0204AA48 0204AC2C 0204AEA0
0204D678,0204D67C,8,cmplwi,0204D69C 0204D700 0204D828 0204D89C 0204D9E4 0204DACC 0204DCC8 0204DD34
0205A1DC,0205A1E0,10,cmplwi,0205A208 0205A2AC 0205A220 0205A234 0205A248 0205A25C 0205A270 0205A288 0205A2AC 0205A29C
0205A2C4,0205A2C8,10,cmplwi,0205A32C 0205A2F0 0205A304 0205A318 0205A364 0205A364 0205A364 0205A32C 0205A340 0205A354
0205FD14,0205FD18,12,cmplwi,0205FD48 0205FD80 0205FD80 0205FEC4 02060070 020603A4 02060550 020608D8 020608D8 020608D8 020607A4 020607A4
0206D724,0206D728,16,cmplwi,0206D798 0206DC14 0206DDA4 0206E3C4 0206ECBC 0206EEB8 0206F57C 0206F884 0206F89C 0206F8B4 0206F8CC 0206F958 0206F958 0206F958 0206F958 0206F8E4
0206E488,0206E48C,11,cmplwi,0206E4B8 0206E588 0206EAC4 0206EC9C 0206EC9C 0206EB14 0206EB1C 0206EB94 0206EC9C 0206EC9C 0206EC00
02070004,02070008,17,cmplwi,020717D4 020701E0 02070230 020717D4 020717D4 020717D4 020717D4 020717D4 020717D4 020717D4 020703E8 0207047C 020700C8 02070A74 02070BEC 02070C44 02070C48
020857FC,02085800,8,cmplwi,02085820 020858EC 0208583C 02085858 02085874 02085890 020858AC 020858C8
020863BC,020863C0,11,cmplwi,02086404 02086E84 02087E58 020883E8 02088414 02088440 02088464 02088488 020863EC 020863EC 020884AC
02097564,02097568,11,cmplwi,02097594 020975C4 020975D8 020975EC 02097600 02097614 02097628 0209763C 0209766C 02097650 02097664
02097688,0209768C,11,cmplwi,020976B8 020976CC 020976E0 020976F4 02097708 0209771C 02097730 02097744 02097758 0209776C 02097780
0209D238,0209D23C,9,cmplwi,0209D408 0209D260 0209D294 0209D2D0 0209D304 0209D338 0209D408 0209D3C8 0209D3F0
020A0BB0,020A0BB4,7,cmplwi,020A0C04 020A0BF4 020A0FEC 020A1174 020A1294 020A1308 020A1344
020A6254,020A6258,32,cmplwi,020A62D8 020A6BE0 020A774C 020A8064 020A8510 020A852C 020A8730 020A8564 020A8580 020A859C 020A8548 020A85B8 020A85D4 020A8730 020A85F0 020A8660 020A8698 020A8730 020A8708 020A867C 020A860C 020A8628 020A8644 020A86B4 020A8730 020A8730 020A8730 020A8730 020A8730 020A8724 020A86D0 020A86EC
020AB234,020AB238,11,b-run,020AB264 020ABBB8 020AC084 020AC1F8 020AC7CC 020ACDE0 020ACF38 020AD33C 020AD33C 020AD33C 020ACF94
020AB284,020AB288,8,cmplwi,020AB2A8 020AB320 020AB430 020AB544 020AB598 020AB5B8 020AB6F8 020AB850
020AC218,020AC21C,10,cmplwi,020AC244 020AC38C 020AC3EC 020AC400 020AC44C 020AC478 020AC534 020AC61C 020AC700 020AC73C
020B0618,020B061C,7,cmplwi,020B0638 020B06F4 020B083C 020B0984 020B0A94 020B0BA4 020B0CA4
020B1E94,020B1E98,12,b-run,020B1EC8 020B23E0 020B24C4 020B25BC 020B3A70 020B2E50 020B3A70 020B3A70 020B3A70 020B3A70 020B32B0 020B3740
020B3CC4,020B3CC8,13,cmplwi,020B52F8 020B3D8C 020B3EB4 020B52F8 020B52F8 020B408C 020B40D0 020B41C0 020B4230 020B3D48 020B448C 020B4534 020B46AC
020B69BC,020B69C0,8,b-run,020B69E0 020B6A0C 020B6A60 020B6B98 020B6C28 020B6D80 020B6EA4 020B7034
020BD0CC,020BD0D0,8,cmplwi,020BD0F0 020BD4BC 020BD620 020BD254 020BD994 020BDADC 020BD424 020BE0F4
020D1E08,020D1E0C,7,cmplwi,020D1E28 020D1E5C 020D1EA4 020D1EF0 020D1F3C 020D1F74 020D1FAC
020D735C,020D7360,22,cmplwi,020D73B8 020D7560 020D78A4 020D7A44 020D7B0C 020D7D44 020D8518 020D8518 020D8518 020D8518 020D8054 020D80DC 020D8108 020D8518 020D8518 020D8518 020D8518 020D8518 020D8518 020D8518 020D816C 020D81D8
020D862C,020D8630,27,b-run,020D8890 020D8970 020D8AA0 020D8B24 020D8C18 020D8ED8 020D8F70 020D91B4 020DB2D0 020DB2D0 020D92E8 020D869C 020D9804 020D86C0 020D9DAC 020D86D0 020D8744 020DA364 020DA684 020DA6C0 020DA7D8 020D8754 020D8794 020D8808 020D880C 020D8810 020D8820
020DB440,020DB444,13,cmplwi,020DB564 020DB580 020DB660 020DB478 020DB7C8 020DB4E4 020DB94C 020DBBAC 020DBC38 020DBDB8 020DB554 020DC350 020DC384
020DC988,020DC98C,14,cmplwi,020DC9C4 020DCA68 020DCA7C 020DCB34 020DCC94 020DCD34 020DCDA4 020DD18C 020DD18C 020DD18C 020DCF28 020DCF80 020DCFF8 020DD08C
020DE358,020DE35C,10,b-run,020DE384 020DE430 020DE594 020DE5F0 020DE644 020DE780 020DE7D0 020DE8F0 020DE9CC 020DEBC0
020E6CE8,020E6CEC,9,cmplwi,020E6D10 020E6D3C 020E6D80 020E6DC4 020E6E04 020E6E44 020E6E84 020E6ED8 020E6F14
020EB5F8,020EB5FC,23,b-run,020EB658 020EBAF4 020EDBA4 020EDBA4 020EDBA4 020EC1C8 020EC3DC 020EC670 020ED130 020EDBA4 020ED348 020ED9E4 020EDA28 020EDA6C 020EDAB0 020EDBA4 020EDBA4 020EDBA4 020EDBA4 020EDBA4 020EDACC 020EDBA4 020EDAE8
020EC6DC,020EC6E0,8,cmplwi,020EC700 020EC7EC 020EC9C8 020ECA38 020ECB68 020ECCE4 020ECFA0 020ED050
020EE2CC,020EE2D0,16,cmplwi,020F0038 020EE50C 020EE550 020F0038 020F0038 020F0038 020F0038 020F0038 020F0038 020F0038 020EE720 020EE350 020EE3C4 020EE454 020EEE2C 020EF270
020EE32C,020EE330,8,cmplwi,020EF410 020EE4E8 020EF7F4 020EF818 020EE4EC 020EE504 020EFC3C 020EFF60
020F5364,020F5368,8,b-run,020F5388 020F54C0 020F59B0 020F5B54 020F5E10 020F5F40 020F5FCC 020F5FC4
020F6E88,020F6E8C,7,b-run,020F6EA8 020F6EEC 020F6FAC 020F706C 020F71C0 020F7370 020F7400
020F81B4,020F81B8,43,cmplwi,020F827C 020F82A4 020F82F8 020F8308 020F8DCC 020F8DCC 020F8DCC 020F8DCC 020F8DCC 020F8DCC 020F8350 020F8D8C 020F8DCC 020F8DCC 020F8DCC 020F8DCC 020F8DCC 020F8DCC 020F8DCC 020F8DCC 020F83CC 020F8408 020F8264 020F86B0 020F8DCC 020F8DCC 020F8DCC 020F8DCC 020F8DCC 020F8DCC 020F86F8 020F87B4 020F884C 020F8910 020F8DCC 020F8DCC 020F8DCC 020F8DCC 020F8DCC 020F8DCC 020F895C 020F89CC 020F8D8C
020FF8BC,020FF8C0,13,b-run,020FF8F4 020FFB20 020FFD90 020FFF04 02101EF8 021008B8 02101EF8 02101EF8 02101EF8 02101EF8 02101148 02101774 02101EF0
0210E038,0210E03C,9,b-run,0210E060 0210E91C 0210EC7C 0210F098 0210FADC 0210FE04 0210FE14 0210FE24 0210FE34
0210E080,0210E084,12,cmplwi,0210E0B4 0210E124 0210E238 0210E35C 0210E380 0210E44C 0210E554 0210E5F4 0210E688 0210E71C 0210E784 0210E808
0210F0C0,0210F0C4,7,cmplwi,0210F1A0 0210F100 0210F6B0 0210F6DC 0210F0F0 0210F778 0210F9A8
02111738,0211173C,12,cmplwi,0211176C 021117A4 02111818 0211186C 021118FC 02111944 02111B54 02111BF4 02111C24 02111CF4 02111D94 02111E50
0211A574,0211A578,10,cmplwi,0211A5A0 0211A5E8 0211A630 0211A678 0211A6C0 0211A708 0211A750 0211A798 0211A7E0 0211A828
02126928,0212692C,9,cmplwi,02126A38 021269FC 021269D0 02126950 02126964 0212698C 021269A4 02126978 021269B8
0213B56C,0213B570,23,b-run,0213B5CC 0213B73C 0213B9DC 0213BABC 0213D334 0213C0D8 0213C4B8 0213CAD4 0213D2C8 0213CEA4 0213D2A8 0213D284 0213D334 0213D334 0213D334 0213D334 0213D334 0213D334 0213D334 0213D334 0213D2EC 0213D30C 0213D32C
0214EB40,0214EB44,9,b-run,0214EB68 0214EC24 0214EDAC 0214EF4C 0214F024 0214F7B4 0214F7B4 0214F608 0214F66C
02151C88,02151C8C,42,b-run,02151D58 02151D9C 02151EC0 02151FC8 02153074 02153074 02153074 02153074 02153074 02153074 02152024 02152068 021520AC 02152294 02151D34 021524E4 021525DC 02152688 02153074 02153074 021526C0 021527F8 021528E0 021529A0 02152A08 02152AFC 02153074 02153074 02153074 02153074 02152B54 02152BA4 02153074 02153074 02153074 02153074 02153074 02153074 02153074 02153074 02152C58 02152DB0
02153484,02153488,24,b-run,021534E8 02153580 021536C0 0215379C 02153EBC 02153850 02153888 021538E4 02153A08 02153EBC 02153EBC 02153EBC 02153EBC 02153EBC 02153EBC 02153EBC 02153EBC 02153EBC 02153EBC 02153EBC 02153C5C 02153C74 02153D74 02153DD8
021560AC,021560B0,23,cmplwi,02157398 02156150 021561F4 02156418 02156504 02156544 02157398 02157398 02157398 02157398 02156710 0215683C 02157398 02157398 02157398 02157398 02157398 02157398 02157398 02157398 0215695C 02156A0C 02156AF4
0215A074,0215A078,31,b-run,0215A0F4 0215A8D8 0215B898 0215BB40 0215BD18 0215CA6C 0215CB40 0215CB40 0215CB40 0215CB40 0215CA88 0215CAA4 0215CB40 0215CB40 0215CB40 0215CB40 0215CB40 0215CB40 0215CB40 0215CB40 0215CAC0 0215CADC 0215CB40 0215CB40 0215CB40 0215CB40 0215CB40 0215CB40 0215CB40 0215CB40 0215CAF8
0215A148,0215A14C,24,cmplwi,0215A1AC 0215A218 0215A2C8 0215A430 0215A4E0 0215A58C 0215A648 0215A898 0215A898 0215A898 0215A898 0215A898 0215A898 0215A898 0215A898 0215A898 0215A898 0215A898 0215A898 0215A898 0215A6D0 0215A734 0215A7AC 0215A808
0215A940,0215A944,27,cmplwi,0215A9F0 0215AA58 0215AB38 0215AC38 0215B640 0215ACD4 0215AD5C 0215AE40 0215AF0C 0215AFD8 0215B078 0215B13C 0215B640 0215B640 0215B640 0215B170 0215B1D0 0215B2B0 0215B384 0215B3F4 0215A9B0 0215B428 0215B4D8 0215B5E0 0215B628 0215B710 0215B728
0215BDB0,0215BDB4,12,cmplwi,0215BDF8 0215BDE4 0215C02C 0215C0D8 0215C980 0215C0E0 0215C1B0 0215C2F8 0215C410 0215C554 0215C650 0215C7D8
0216FB3C,0216FB40,12,b-run,0216FC50 021700AC 021702FC 02170784 02170994 02170B48 02170EB4 02170EB4 02170C34 0216FB70 02170D3C 02170DF8
02170EE8,02170EEC,9,cmplwi,02172470 02172470 02170F30 02171584 02170F60 02171A6C 02171D44 02171E3C 02172060
0217DE78,0217DE7C,22,cmplwi,0217E0C8 0217DFA0 0217DFC0 0217DFC0 0217DFE0 0217DFE0 0217DFE0 0217E000 0217E000 0217E044 0217E064 0217E084 0217E084 0217E084 0217E084 0217DFE0 0217E084 0217E084 0217E084 0217E468 0217E0A4 0217E18C
0217F6B8,0217F6BC,12,cmplwi,0217F720 0217F720 0217F734 0217F6EC 0217F848 0217F768 0217F770 0217F7A4 0217F7D8 0217F80C 0217F840 0217F840
0217FB3C,0217FB40,14,cmplwi,0217FFD0 0217FB78 0217FC80 0217FBE4 0217FC80 0217FFD0 0217FD80 0217FC28 0217FCC8 0217FC80 0217FD14 0217FD44 0217FFD0 0217FDA8
021824E0,021824E4,8,cmplwi,02182504 02182534 02182620 02182864 0218290C 02182938 02182950 02182A20
021875B8,021875BC,7,cmplwi,02187C34 02187A1C 02187B74 02187B98 02187CB4 02187DA8 02187E6C
02189654,02189658,7,cmplwi,02189CD0 021899D0 02189BFC 02189C3C 02189D50 02189E5C 02189F78
0218B4DC,0218B4E0,12,cmplwi,0218B510 0218B6C0 0218B750 0218B7CC 0218B868 0218B938 0218B938 0218B938 0218B938 0218B938 0218B8E0 0218B8E8
021910B0,021910B4,7,cmplwi,021910D0 0219113C 021911E8 02191264 02191414 02191494 02191678
02194848,0219484C,7,cmplwi,02194868 02194944 021949B8 02194A10 02194ACC 02194B30 02194BF4
021951C4,021951C8,10,cmplwi,021951F0 02195244 021952DC 021955EC 02195710 02195930 02195BA8 02195D44 02195F18 02195F80
02197934,02197938,9,cmplwi,02197A0C 02197A04 021979DC 0219795C 02197970 02197998 021979B0 02197984 021979C4
021A24A0,021A24A4,10,cmplwi,021A24CC 021A2538 021A25B0 021A26B8 021A2800 021A2854 021A2894 021A2A1C 021A2AE0 021A2BC0
021A4020,021A4024,19,cmplwi,021A41D4 021A41D4 021A41D4 021A41D4 021A41D4 021A41D4 021A41D4 021A41D4 021A41D4 021A4070 021A4198 021A41B0 021A4128 021A4144 021A4160 021A417C 021A41C8 021A4098 021A40E0
021A50D0,021A50D4,11,cmplwi,021A5100 021A5128 021A5150 021A5240 021A5178 021A51A0 021A51C8 021A5240 021A51F0 021A5240 021A5218
021AE5A8,021AE5AC,12,cmplwi,021AEB00 021AE810 021AE5DC 021AE65C 021AE6B4 021AE710 021AE76C 021AE7E0 021AE7F4 021AE84C 021AE8C8 021AE924
021C012C,021C0130,9,cmplwi,021C02D0 021C0154 021C0194 021C02D0 021C01B4 021C01E8 021C0224 021C025C 021C0294
021CA9EC,021CA9F0,8,cmplwi,021CAC1C 021CAA10 021CAA50 021CAA98 021CAAD8 021CAB18 021CABAC 021CABF8
021D0E9C,021D0EA0,41,cmplwi,021D0F44 021D3B58 021D3B58 021D3B58 021D1C9C 021D2C88 021D39BC 021D39EC 021D3A04 021D3A1C 021D39D4 021D3A34 021D3A4C 021D3A64 021D3A7C 021D3B58 021D3B58 021D3AF4 021D3B0C 021D3B58 021D3A94 021D3AAC 021D3B58 021D3B2C 021D3B58 021D3B58 021D3B58 021D3B58 021D3B58 021D3B58 021D3AC4 021D3ADC 021D3B58 021D3B58 021D3B58 021D3B58 021D3B58 021D3B58 021D3B58 021D3B58 021D3B4C
021D1D0C,021D1D10,9,cmplwi,021D1D80 021D1D34 021D1F98 021D2248 021D226C 021D2318 021D238C 021D242C 021D2400
021E9F0C,021E9F10,23,cmplwi,021E9F6C 021E9F78 021E9F90 021E9F84 021E9F90 021EA018 021EA0AC 021EA024 021EA0AC 021EA030 021EA06C 021EA0AC 021EA0AC 021EA0AC 021EA0AC 021EA0AC 021EA0AC 021EA0AC 021EA0AC 021EA0AC 021EA0AC 021E9FCC 021EA018
021EC988,021EC98C,8,cmplwi,021ECAB8 021ECAB8 021EC9AC 021EC9CC 021EC9EC 021ECA0C 021ECA2C 021ECA5C
021ECA94,021ECA98,8,cmplwi,021ECAB8 021ECAD8 021ECAF8 021ECB18 021ECB38 021ECB18 021ECB38 021ECB38
021ED9F8,021ED9FC,22,cmplwi,021EDA54 021EDA78 021EDA60 021EDA6C 021EDA78 021EDA84 021EDBC8 021EDAB8 021EDAC4 021EDB04 021EDB1C 021EDAE0 021EDAEC 021EDAF8 021EDB1C 021EDB28 021EDBC8 021EDBC8 021EDB38 021EDBC8 021EDB68 021EDB74
021F02F4,021F02F8,11,cmplwi,021F0324 021F0348 021F0364 021F0380 021F039C 021F03B8 021F03D4 021F03F8 021F0418 021F0438 021F0454
021F3C54,021F3C58,9,cmplwi,021F3C7C 021F3C9C 021F3CC0 021F3CE4 021F3D08 021F3D2C 021F3D50 021F3D68 021F3D8C
021F4DC0,021F4DC4,9,cmplwi,021F4E90 021F4E90 021F4F34 021F4F34 021F4DE8 021F4F34 021F4FD8 021F4E90 021F4F34
021F50EC,021F50F0,17,cmplwi,021F5170 021F5184 021F5170 021F5184 021F5170 021F5184 021F5134 021F5184 021F5170 021F5184 021F515C 021F5184 021F5198 021F5170 021F5184 021F5170 021F5184
021F59E8,021F59EC,8,cmplwi,021F5C44 021F5A0C 021F5A4C 021F5A8C 021F5AE8 021F5B1C 021F5B88 021F5BEC
021F618C,021F6190,10,cmplwi,021F61B8 021F62CC 021F62E8 021F6390 021F63F4 021F6450 021F646C 021F6488 021F62E8 021F64A4
021F73CC,021F73D0,8,cmplwi,021F75D8 021F73F0 021F7424 021F7524 021F7584 021F75C4 021F7480 021F74C4
021F81EC,021F81F0,17,cmplwi,021F82B4 021F8234 021F82B4 021F8244 021F82B4 021F8254 021F82B4 021F8264 021F82B4 021F8274 021F82B4 021F8284 021F82B4 021F82B4 021F8294 021F82B4 021F82A4
021F83D8,021F83DC,71,cmplwi,021F8588 021F8594 021F886C 021F85A0 021F886C 021F85AC 021F886C 021F886C 021F85B8 021F886C 021F886C 021F85C4 021F886C 021F886C 021F85D0 021F886C 021F85DC 021F886C 021F85E8 021F85F4 021F886C 021F8600 021F860C 021F886C 021F886C 021F8618 021F8624 021F886C 021F886C 021F886C 021F8630 021F886C 021F886C 021F863C 021F886C 021F886C 021F886C 021F8648 021F886C 021F8654 021F886C 021F86CC 021F8660 021F866C 021F8678 021F8684 021F8690 021F869C 021F886C 021F886C 021F86A8 021F886C 021F886C 021F86D8 021F86E4 021F86F4 021F8758 021F886C 021F886C 021F8764 021F886C 021F886C 021F886C 021F86B4 021F886C 021F8770 021F886C 021F886C 021F86C0 021F886C 021F86CC
021F8518,021F851C,27,cmplwi,021F8794 021F886C 021F886C 021F886C 021F886C 021F877C 021F8788 021F886C 021F87A0 021F87AC 021F87B8 021F87C4 021F87D0 021F87DC 021F87E8 021F87F4 021F8800 021F886C 021F8854 021F8860 021F886C 021F880C 021F8818 021F8824 021F8830 021F883C 021F8848
021F8FBC,021F8FC0,17,cmplwi,021F9004 021F9070 021F9010 021F9070 021F901C 021F9070 021F9028 021F9070 021F9034 021F9070 021F9040 021F9070 021F904C 021F9058 021F9070 021F9064 021F9070
021FDC90,021FDC94,16,cmplwi,021FDCD4 021FDD08 021FDD1C 021FDD30 021FDD44 021FDD6C 021FDD58 021FDD80 021FDD94 021FDDA8 021FDDBC 021FDDD0 021FDDE4 021FDDF8 021FDE0C 021FDE20
021FF394,021FF398,7,cmplwi,021FF59C 021FF3B4 021FF3F4 021FF434 021FF490 021FF4C4 021FF530
021FFA70,021FFA74,28,cmplwi,021FFC34 021FFC34 021FFC34 021FFC34 021FFAE4 021FFC34 021FFC34 021FFC34 021FFC34 021FFC34 021FFC34 021FFC34 021FFC34 021FFC34 021FFC34 021FFC34 021FFB00 021FFC34 021FFC34 021FFC34 021FFB1C 021FFB38 021FFB64 021FFB64 021FFB90 021FFBB8 021FFBF0 021FFC10
022017B0,022017B4,31,cmplwi,02201978 02201988 02201998 02201C4C 02201A38 02201A48 02201A58 02201C4C 022019A8 022019B8 022019C8 02201C4C 02201A68 02201A78 02201A88 02201C4C 022019D8 022019E8 022019F8 02201C4C 02201A98 02201AA8 02201AB8 02201C4C 02201A08 02201A18 02201A28 02201C4C 02201AC8 02201AD8 02201AE8
022026CC,022026D0,16,cmplwi,0220279C 02202710 0220279C 0220271C 0220279C 02202734 02202728 02202740 0220274C 02202758 02202764 0220279C 02202770 0220277C 02202788 02202794
022028A8,022028AC,19,cmplwi,02202B1C 022028F8 02202B1C 0220290C 02202B1C 02202928 02202B1C 02202B1C 02202964 02202998 022029C8 02202B1C 02202B1C 02202A68 02202B1C 02202B1C 02202ABC 02202ADC 02202B10
0220AC44,0220AC48,7,cmplwi,0220AC64 0220AC90 0220ACBC 0220ACE8 0220AD14 0220AD48 0220AD7C
0220B004,0220B008,28,cmplwi,0220B078 0220B0B4 0220B078 0220B1F0 0220B33C 0220B14C 0220B14C 0220B14C 0220B200 0220B200 0220B200 0220B078 0220B1F0 0220B078 0220B0FC 0220B088 0220B33C 0220B32C 0220B33C 0220B194 0220B194 0220B194 0220B22C 0220B22C 0220B22C 0220B32C 0220B32C 0220B32C
0220FEBC,0220FEC0,66,cmplwi,0220FFC8 02210040 02210264 02210264 0220FFC8 0220FFC8 02210078 0221009C 0220FFC8 02210264 0220FFC8 022100C8 02210264 02210264 02210264 02210264 022100E8 02210264 02210178 02210264 0220FFC8 0220FFC8 02210198 022101B4 02210264 022101D0 0220FFC8 022101E0 0221020C 0220FFC8 02210264 0220FFC8 02210124 02210264 02210264 0220FFC8 02210134 0220FFF8 02210134 0221021C 0220FFC8 02210264 0220FFC8 02210144 0220FFC8 0220FFC8 02210264 02210264 0220FFC8 02210168 02210264 0221001C 02210168 02210264 0220FFD8 02210248 02210264 0220FFD8 0220FFC8 02210264 02210264 0220FFE8 0220FFE8 02210264 0220FFC8 0220FFC8
022143CC,022143D0,11,cmplwi,022143FC 02214424 0221444C 02214474 0221449C 022144C4 022144EC 02214514 0221453C 02214564 0221458C
022148CC,022148D0,100,cmplwi,022156A8 022150F8 022156A8 02215700 022156A8 02215290 02215290 02215290 02215368 02215368 02215368 022156A8 022156A8 022156A8 022156A8 02215668 022156A8 02215668 022156A8 02214C34 022156A8 022156A8 02214C34 022156A8 02214C34 02214C34 022156A8 02214C34 022156A8 022156A8 022156A8 022156A8 022156A8 022150EC 022156A8 022156A8 02215700 02215700 022151C0 022151C0 022151C0 022151C0 02215290 02215368 02215290 02215368 02215290 02215368 02215290 02215368 02214C34 02214C34 02214C34 02215700 02214C34 02215700 02215700 02215700 02215700 02214BB4 02214C34 02214BF4 02214C40 02214CC8 02215700 02215700 02215700 02214BB4 02214C34 02214BF4 02214C40 02214CC8 02214BB4 02214C34 02214BF4 02214C40 02214CC8 02214BB4 02214C34 02214BF4 02214C40 02214CC8 02214BB4 02214C34 02214BF4 02214C40 02214CC8 02214BB4 02214C34 02214BF4 02214C40 02214CC8 02214BB4 02214C34 02214BF4 02214C40 02214CC8 02214BB4 02214C34 02214BF4
02214AE8,02214AEC,50,cmplwi,0221517C 0221503C 02215700 02215314 02215314 02215314 022154C8 022154C8 022154C8 0221503C 0221503C 0221503C 0221503C 0221503C 0221503C 02215700 02215700 0221503C 0221503C 0221503C 0221503C 0221503C 0221503C 0221503C 0221503C 0221503C 0221503C 02214C34 02215700 02214C34 02214C34 0221503C 02214C34 0221503C 0221503C 0221503C 02215048 02215098 022150E0 022150E0 022150E0 022150E0 022150E0 02215314 022154C8 02215314 022154C8 02215314 022154C8 02215244
02215B60,02215B64,8,cmplwi,02215B84 02215BD8 02215C04 02215C30 02215C5C 02215C88 02215CD4 02215D04
02216F5C,02216F60,8,cmplwi,02216F80 02216FA8 02216FC0 02216FD8 02216FF0 02217008 0221701C 02217030
02229E3C,02229E40,13,cmplwi,02229E74 02229E80 02229EF8 02229E8C 02229E98 02229EA4 02229EB0 02229EBC 02229EC8 02229ED4 02229EF8 02229EE0 02229EEC
0222A68C,0222A690,8,cmplwi,0222A71C 0222A6B0 0222A6C0 0222A6D0 0222A6E0 0222A6F0 0222A700 0222A710
0222C590,0222C594,52,cmplwi,0222C664 0222C948 0222C674 0222C948 0222C684 0222C948 0222C694 0222C6A4 0222C6B4 0222C948 0222C948 0222C6C4 0222C6D4 0222C700 0222C764 0222C6C4 0222C85C 0222C938 0222C938 0222C938 0222C948 0222C948 0222C948 0222C948 0222C948 0222C8D0 0222C948 0222C948 0222C948 0222C948 0222C948 0222C948 0222C948 0222C948 0222C948 0222C918 0222C938 0222C928 0222C938 0222C938 0222C6D4 0222C948 0222C80C 0222C81C 0222C82C 0222C83C 0222C948 0222C7BC 0222C7CC 0222C7DC 0222C7EC 0222C7FC
0222FF1C,0222FF20,43,cmplwi,0222FFCC 0222FFCC 0222FFCC 02230340 0222FFCC 0222FFCC 0222FFCC 0222FFCC 02230324 02230340 0222FFCC 0222FFCC 02230340 02230340 02230340 0222FFEC 022301BC 02230340 02230098 02230128 02230340 02230340 02230340 0223014C 0222FFCC 02230340 022301CC 02230340 02230340 0222FFCC 0222FFDC 02230340 0223003C 0223003C 0223003C 022301F0 022301F0 022301F0 022301BC 022301BC 022301BC 022301BC 022301BC
02232764,02232768,10,cmplwi,02232790 022327B8 022327D0 022327E8 0223286C 02232800 02232818 02232830 02232848 02232860
0223794C,02237950,15,cmplwi,0223798C 0223799C 022379AC 022379BC 02237A68 022379CC 022379DC 022379EC 02237A18 02237A68 02237A28 02237A38 02237A48 02237A68 02237A58
0223AEE8,0223AEEC,22,cmplwi,0223AF5C 0223AF68 0223AF74 0223B07C 0223AF80 0223AF8C 0223AF98 0223B07C 0223B07C 0223B07C 0223B07C 0223B00C 0223B058 0223B024 0223B07C 0223B040 0223B07C 0223B04C 0223B07C 0223B024 0223AFA4 0223AFBC
0223FB04,0223FB08,75,cmplwi,0223FC34 0223FC34 0223FEE8 0223FEE8 0223FEDC 0223FEDC 0223FC44 0223FEE8 0223FEDC 0223FEDC 0223FEE8 0223FEE8 0223FC78 0223FEE8 0223FEDC 0223FEE8 0223FEE8 0223FEE8 0223FEDC 0223FD2C 0223FEDC 0223FEDC 0223FEDC 0223FEE8 0223FEE8 0223FCA0 0223FCE0 0223FEE8 0223FEDC 0223FEDC 0223FEDC 0223FEE8 0223FCD4 0223FEE8 0223FEE8 0223FEE8 0223FEDC 0223FEDC 0223FEE8 0223FEE8 0223FEDC 0223FEDC 0223FEDC 0223FD48 0223FD60 0223FEDC 0223FEE8 0223FEDC 0223FDA4 0223FDBC 0223FEDC 0223FEDC 0223FEDC 0223FEDC 0223FEE8 0223FD80 0223FEDC 0223FDF4 0223FEDC 0223FE00 0223FE1C 0223FEDC 0223FEDC 0223FEB4 0223FEDC 0223FEE8 0223FE5C 0223FEDC 0223FEE8 0223FEE8 0223FEE8 0223FEE8 0223FEE8 0223FEDC 0223FD8C
02240B94,02240B98,8,cmplwi,02240BB8 02240BDC 02240C00 02240C24 02240C24 02240C48 02240C6C 02240C90
0224568C,02245690,18,cmplwi,02245874 022456D8 022456D8 022458E0 022458E0 022458C8 022458E0 022456EC 022458E0 02245700 0224573C 02245754 022457F8 0224580C 02245854 02245888 0224589C 022458B4
022458F8,022458FC,18,cmplwi,02245A88 02245944 0224595C 02245AA0 02245AB8 02245AD0 02245AE8 02245974 02245994 02245B78 02245B78 02245A88 022459B4 022459D0 02245A64 02245B00 02245B18 02245B8C
02246E6C,02246E70,13,cmplwi,02246EA4 02246ECC 02246EE8 02246F10 02247078 02246F38 02246F60 02246F88 02246FB0 02247000 02247028 02247050 02246FD8
0224DAC8,0224DACC,116,cmplwi,0224DD68 0224DD94 0224DDD4 0224DDD4 0224DC9C 0224DC9C 0224DDD4 0224DDD4 0224DDD4 0224DC9C 0224DC9C 0224DDD4 0224DC9C 0224DDD4 0224DC9C 0224DD5C 0224DDD4 0224DDD4 0224DC9C 0224DDD4 0224DC9C 0224DC9C 0224DDD4 0224DDD4 0224DC9C 0224DD68 0224DD74 0224DDD4 0224DDD4 0224DDD4 0224DDD4 0224DDD4 0224DDD4 0224DDD4 0224DDD4 0224DDD4 0224DDD4 0224DDD4 0224DD5C 0224DDD4 0224DC9C 0224DD5C 0224DD5C 0224DC9C 0224DC9C 0224DD5C 0224DCA8 0224DDD4 0224DDD4 0224DDD4 0224DDD4 0224DDD4 0224DDD4 0224DDD4 0224DDD4 0224DDD4 0224DDD4 0224DC9C 0224DC9C 0224DC9C 0224DC9C 0224DDB4 0224DC9C 0224DDD4 0224DC9C 0224DDD4 0224DC9C 0224DDD4 0224DC9C 0224DDD4 0224DC9C 0224DDD4 0224DDD4 0224DDD4 0224DCFC 0224DDD4 0224DCFC 0224DD08 0224DC9C 0224DDD4 0224DC9C 0224DDD4 0224DC9C 0224DDD4 0224DC9C 0224DCB4 0224DDD4 0224DDD4 0224DDD4 0224DDD4 0224DC9C 0224DDD4 0224DDD4 0224DC9C 0224DDB4 0224DC9C 0224DDB4 0224DC9C 0224DCDC 0224DC9C 0224DC9C 0224DC9C 0224DC9C 0224DDD4 0224DDD4 0224DDD4 0224DDD4 0224DC9C 0224DC9C 0224DDD4 0224DDD4 0224DDD4 0224DDD4 0224DDD4 0224DDD4 0224DD5C
0224E088,0224E08C,26,b-run,0224E0F4 0224E16C 0224E1E4 0224E25C 0224E2D4 0224E34C 0224E3C4 0224E43C 0224E4B4 0224E52C 0224E5A4 0224E61C 0224E694 0224E70C 0224E784 0224E800 0224E87C 0224E8F4 0224E96C 0224E9E4 0224EA5C 0224EAD4 0224EB4C 0224EBEC 0224ECC8 0224ED40
02259400,02259404,13,cmplwi,02259438 02259460 02259478 02259490 022594A4 022594BC 022594D4 022594EC 02259504 02259558 0225951C 02259534 0225954C
02263BD0,02263BD4,14,cmplwi,02263C0C 02263C24 02263C3C 02263C54 02263C6C 02263C84 02263C9C 02263D40 02263CB4 02263CCC 02263CE4 02263CFC 02263D14 02263D2C
022649BC,022649C0,22,cmplwi,02264A9C 02264AA8 02264A18 02264A70 02264B20 02264B20 02264AC0 02264A44 02264B20 02264ACC 02264A8C 02264B20 02264AE4 02264B20 02264B20 02264AD8 02264B20 02264B20 02264AF0 02264AB4 02264B20 02264B14
02266DDC,02266DE0,12,cmplwi,02266E10 02266E68 02266F4C 02266FA4 02267074 022670EC 02267178 0226722C 02267284 0226734C 022673E4 02267434
02267610,02267614,19,cmplwi,02267660 022676FC 022676FC 022676FC 022676FC 02267708 0226789C 0226789C 022677B0 022677D4 022677D4 022677D4 022677D4 022677E0 0226780C 0226788C 022677D4 02267708 02267818
02269A24,02269A28,32,cmplwi,02269AC0 02269B88 02269B88 02269B88 02269B88 02269B88 02269B94 02269AA8 02269BF0 02269C1C 02269C1C 02269C1C 02269AA8 02269AA8 02269AA8 02269AA8 02269B40 02269B7C 02269C1C 02269AA8 02269AB4 02269AA8 02269B94 02269AA8 02269C1C 02269AA8 02269C1C 02269AA8 02269C1C 02269AA8 02269C1C 02269AA8
02269E08,02269E0C,12,cmplwi,02269E3C 02269E64 02269E8C 02269EB0 02269ED8 02269EFC 02269F20 02269F48 02269F70 02269F98 02269FBC 02269FE4
0226DF8C,0226DF90,14,cmplwi,0226DFC8 0226DFE0 0226DFF8 0226E010 0226E028 0226E040 0226E058 0226E070 0226E0FC 0226E088 0226E0A0 0226E0B8 0226E0D0 0226E0E8
0226E118,0226E11C,14,cmplwi,0226E154 0226E168 0226E17C 0226E1F0 0226E190 0226E1F0 0226E1A4 0226E1F0 0226E1F0 0226E1B8 0226E1F0 0226E1CC 0226E1F0 0226E1E0
0226F260,0226F264,38,cmplwi,0226F2FC 0226F308 0226F530 0226F320 0226F32C 0226F338 0226F344 0226F530 0226F358 0226F39C 0226F364 0226F3E0 0226F3A8 0226F3E0 0226F3EC 0226F3F8 0226F420 0226F42C 0226F438 0226F474 0226F494 0226F530 0226F4D0 0226F530 0226F4DC 0226F4E8 0226F530 0226F530 0226F500 0226F50C 0226F518 0226F524 0226F39C 0226F530 0226F314 0226F530 0226F530 0226F4F4
02271134,02271138,8,cmplwi,022711DC 02271158 0227116C 02271180 02271194 022711A8 022711BC 022711D0
02274FD4,02274FD8,9,cmplwi,02274FFC 02275034 0227504C 02275064 02275078 0227508C 022750A0 022750B8 022750CC
022773E0,022773E4,25,cmplwi,0227748C 0227749C 0227753C 0227754C 0227755C 0227756C 0227757C 0227758C 022775C8 022775C8 022775D8 02277698 022775E8 022775F8 02277608 02277618 02277628 02277638 02277698 022775E8 02277648 02277658 02277668 02277678 02277688
02277464,02277468,9,cmplwi,022774AC 022774BC 022774CC 022774DC 022774EC 022774FC 0227750C 0227751C 0227752C
022779A8,022779AC,8,cmplwi,022779CC 022779D8 022779E4 022779F0 02277A1C 022779FC 02277A08 02277A14
022781CC,022781D0,30,b-run,02278934 02278248 02278248 022782E8 02278320 022784E0 02278500 0227859C 02278638 022786EC 0227874C 02278320 02278248 02278500 0227874C 02278770 022786EC 022787D8 022786EC 02278878 022788E4 02278934 02278248 02278500 02278770 022786EC 0227874C 02278900 02278900 02278248
0227A3F8,0227A3FC,12,cmplwi,0227A4BC 0227A4BC 0227A4BC 0227A4B0 0227A42C 0227A44C 0227A46C 0227A47C 0227A48C 0227A49C 0227A45C 0227A43C
0227CF80,0227CF84,26,cmplwi,0227CFEC 0227CFF8 0227D0FC 0227D0FC 0227D004 0227D0FC 0227D010 0227D01C 0227D028 0227D034 0227D040 0227D04C 0227D0F4 0227D0D4 0227D0FC 0227D0FC 0227D0FC 0227D0FC 0227D078 0227D08C 0227D098 0227D0A4 0227D0B0 0227D0BC 0227D0C8 0227D0E4
0228ABB8,0228ABBC,49,cmplwi,0228AD88 0228AD94 0228ADA0 0228ADAC 0228ADBC 0228ADD4 0228ADE0 0228B190 0228ADF8 0228AE04 0228AE14 0228AE20 0228AE2C 0228AE38 0228B190 0228AE44 0228AE5C 0228AE74 0228AE80 0228AE8C 0228AE98 0228AEA4 0228AEB0 0228AEE4 0228AEBC 0228AEC8 0228AEE4 0228AEF0 0228AEFC 0228B190 0228AF0C 0228AF18 0228B190 0228B190 0228AF3C 0228AF28 0228B190 0228AF48 0228AF54 0228AF60 0228AF6C 0228AF78 0228B190 0228AF84 0228AF90 0228ADC8 0228B190 0228B190 0228AD88
0228AC9C,0228ACA0,58,cmplwi,0228AFA8 0228AFB4 0228AFC0 0228AFCC 0228AFD8 0228AFE4 0228AFF0 0228AFFC 0228B008 0228B028 0228B034 0228B040 0228B190 0228B04C 0228B058 0228B064 0228B190 0228B07C 0228B190 0228B190 0228B088 0228B190 0228B190 0228B094 0228B0A0 0228B0AC 0228B0B8 0228B190 0228B0C4 0228B190 0228B0D0 0228B190 0228B190 0228B190 0228B190 0228B190 0228B190 0228B190 0228B190 0228B190 0228B190 0228B190 0228B190 0228B190 0228B190 0228B0DC 0228B0E8 0228B0F4 0228B100 0228B10C 0228B118 0228B148 0228B154 0228B160 0228B118 0228B16C 0228B130 0228B178
022979F8,022979FC,10,cmplwi,02297D48 02297A24 02297A60 02297AD8 02297B58 02297B58 02297C5C 02297C5C 02297CF0 02297D2C
02297DCC,02297DD0,10,cmplwi,02297EF4 02297EF4 02297DF8 02297E18 02297E40 02297E54 02297E70 02297E90 02297EB0 02297ED8
02298864,02298868,17,cmplwi,022988AC 022988AC 022988C4 022988FC 022988FC 02298A40 02298AB0 02298B0C 02298AD0 02298B50 022988AC 02298B70 02298B9C 02298BF8 02298C44 02298C6C 02298D30
02298DA0,02298DA4,17,cmplwi,02299238 02299040 02298FF0 02298DE8 02298DE8 02298F64 02298FF0 02299098 02299098 02299194 0229906C 02299238 02299238 02299238 02299238 02298FF0 022991F8
0229A264,0229A268,13,cmplwi,0229A398 0229A2E4 0229A308 0229A29C 0229A398 0229A398 0229A398 0229A398 0229A398 0229A2C0 0229A32C 0229A350 0229A374
0229A4B0,0229A4B4,14,cmplwi,0229A75C 0229A75C 0229A630 0229A75C 0229A4EC 0229A510 0229A534 0229A558 0229A57C 0229A5A0 0229A5C4 0229A5E8 0229A60C 0229A654
0229DD00,0229DD04,10,cmplwi,0229DD2C 0229DD44 0229DD58 0229DD70 0229DD84 0229DD9C 0229DDB0 0229DDC4 0229DDD8 0229DDF0
0229DE20,0229DE24,10,cmplwi,0229DE4C 0229DF04 0229DE60 0229DE78 0229DE8C 0229DEA0 0229DEB8 0229DECC 0229DEE0 0229DEF4
022A84E0,022A84E4,34,cmplwi,022A856C 022A861C 022A861C 022A8578 022A861C 022A859C 022A8584 022A861C 022A861C 022A859C 022A8590 022A861C 022A861C 022A861C 022A859C 022A861C 022A859C 022A861C 022A861C 022A859C 022A861C 022A859C 022A859C 022A859C 022A859C 022A859C 022A861C 022A85D8 022A861C 022A861C 022A861C 022A861C 022A85F4 022A85F4
022B1814,022B1818,17,cmplwi,022B185C 022B1880 022B18A4 022B18C8 022B1A54 022B1A78 022B1A9C 022B1AE4 022B1B08 022B18EC 022B1910 022B1958 022B19A0 022B19C4 022B19E8 022B1A0C 022B1A30
022B244C,022B2450,17,cmplwi,022B2494 022B24C4 022B24C4 022B24C4 022B24F4 022B2524 022B2548 022B256C 022B2598 022B2598 022B2598 022B2598 022B2598 022B2598 022B2598 022B2598 022B25EC
022B8CD8,022B8CDC,14,cmplwi,022B8DA4 022B8DB0 022B8DBC 022B8DC8 022B8E1C 022B8E1C 022B8E1C 022B8E1C 022B8DD4 022B8DE0 022B8DEC 022B8DF8 022B8E04 022B8E10
022BABB8,022BABBC,15,cmplwi,022BABF8 022BAC10 022BAC28 022BAC40 022BAC58 022BAC70 022BAC88 022BACA0 022BACB8 022BACD0 022BACE8 022BAD00 022BAD18 022BAD30 022BAD48
022BAD70,022BAD74,15,cmplwi,022BADB0 022BADDC 022BAE08 022BAE34 022BAE60 022BAE8C 022BAEB8 022BAEE4 022BAF10 022BAF3C 022BAF68 022BAF94 022BAFC0 022BAFEC 022BB018
022BD8D0,022BD8D4,23,cmplwi,022BDB48 022BD930 022BD948 022BD964 022BD980 022BD99C 022BD9B8 022BD9D4 022BD9F0 022BDA0C 022BDA28 022BDA44 022BDA60 022BDA7C 022BDA98 022BDAB4 022BDB48 022BDB48 022BDAD0 022BDAEC 022BDB08 022BDB24 022BDB40
022BF618,022BF61C,19,cmplwi,022BF668 022BFC1C 022BFC1C 022BF6E8 022BF6E8 022BFC1C 022BF7C8 022BFC1C 022BF848 022BF8C8 022BFC1C 022BF964 022BFC1C 022BFC1C 022BF9AC 022BFB00 022BFA2C 022BFB7C 022BFBD4
022C0874,022C0878,19,cmplwi,022C08C4 022C0BD4 022C0BD4 022C08E4 022C08E4 022C0BD4 022C097C 022C0BD4 022C099C 022C09BC 022C0BD4 022C0A54 022C0BD4 022C0BD4 022C0AC0 022C0BD4 022C0B04 022C0B88 022C0B88
022C26CC,022C26D0,16,cmplwi,022C2710 022C2728 022C281C 022C2740 022C2758 022C2770 022C2784 022C279C 022C281C 022C281C 022C27B4 022C27C8 022C27DC 022C27F0 022C281C 022C2808
022C2838,022C283C,16,cmplwi,022C287C 022C287C 022C2890 022C292C 022C292C 022C28A4 022C28B8 022C28CC 022C28E0 022C28F4 022C292C 022C292C 022C292C 022C292C 022C2908 022C291C
022C6270,022C6274,24,cmplwi,022C6464 022C62D4 022C62EC 022C6304 022C631C 022C6334 022C6348 022C63BC 022C63D0 022C6414 022C6430 022C6470 022C651C 022C6564 022C6584 022C65CC 022C65F0 022C6688 022C670C 022C6764 022C677C 022C681C 022C68EC 022C68C0
022C7008,022C700C,19,cmplwi,022C7068 022C7180 022C7214 022C7058 022C7058 022C72CC 022C73C0 022C7488 022C75AC 022C7760 022C7884 022C79F8 022C7BBC 022C7C4C 022C7CF8 022C7DEC 022C7EE0 022C82B8 022C8378
022C85FC,022C8600,9,cmplwi,022C862C 022C8640 022C8654 022C8668 022C867C 022C8694 022C86A8 022C8640 022C86BC
022CA88C,022CA890,10,cmplwi,022CA8B8 022CA8F4 022CA90C 022CA944 022CA95C 022CA950 022CA95C 022CA934 022CA900 022CA918
022CBC64,022CBC68,8,cmplwi,022CBD04 022CBC88 022CBC94 022CBCA8 022CBCBC 022CBCD0 022CBCE4 022CBCF8
022CE5C8,022CE5CC,10,cmplwi,022CE5F4 022CE60C 022CE624 022CE638 022CE64C 022CE660 022CE674 022CE688 022CE69C 022CE6B0
022CE7F4,022CE7F8,10,cmplwi,022CE820 022CE844 022CE8A0 022CE86C 022CE8A0 022CE8CC 022CE908 022CE95C 022CE95C 022CE940
022CFF04,022CFF08,13,cmplwi,022D007C 022D004C 022D0020 022D004C 022D0020 022D004C 022D000C 022CFF3C 022D0098 022CFF4C 022CFF68 022D0098 022D0098
022D0180,022D0184,7,cmplwi,022D01A0 022D01D0 022D01EC 022D0298 022D02B4 022D02D0 022D02EC
022D494C,022D4950,8,cmplwi,022D4A00 022D4970 022D4988 022D499C 022D49B0 022D49C8 022D49DC 022D49F0
022D8BB0,022D8BB4,7,cmplwi,022D8BD0 022D8BF0 022D8C10 022D8C30 022D8C50 022D8C78 022D8C98
022D8FA8,022D8FAC,89,cmplwi,022D9450 022D948C 022D9450 022D948C 022D9450 022D948C 022D9450 022D948C 022D92E4 022D92E4 022D92E4 022D92E4 022D945C 022D948C 022D92E4 022D9200 022D92E4 022D92E4 022D92E4 022D92E4 022D92E4 022D92E4 022D921C 022D9238 022D92E4 022D948C 022D92E4 022D9474 022D92E4 022D92E4 022D948C 022D948C 022D92E4 022D92E4 022D948C 022D948C 022D948C 022D91D4 022D9244 022D948C 022D948C 022D9304 022D948C 022D92F0 022D92F0 022D92F0 022D9290 022D9310 022D9290 022D9310 022D9290 022D9310 022D9290 022D9310 022D9290 022D9310 022D9290 022D9310 022D9290 022D9310 022D9290 022D9310 022D9290 022D9310 022D9290 022D9310 022D9290 022D9310 022D9290 022D9310 022D948C 022D92F0 022D948C 022D9110 022D92E4 022D92E4 022D917C 022D948C 022D948C 022D9170 022D92E4 022D948C 022D948C 022D948C 022D948C 022D9134 022D948C 022D948C 022D9150
022DCE48,022DCE4C,24,cmplwi,022DCEAC 022DCEAC 022DCEC4 022DCFA4 022DCEAC 022DCFA4 022DCEAC 022DCF68 022DCF98 022DCF8C 022DCFA4 022DCFA4 022DCFA4 022DCFA4 022DCFA4 022DCFA4 022DCEAC 022DCEAC 022DCF98 022DCEAC 022DCEAC 022DCFA4 022DCEAC 022DCEB8
022E1964,022E1968,23,cmplwi,022E19D8 022E19EC 022E1A74 022E1A00 022E1C50 022E1A20 022E1A74 022E1AA4 022E1C50 022E1A94 022E1C50 022E1AB8 022E1C50 022E1B30 022E1C3C 022E1B70 022E1B84 022E1B50 022E1BA4 022E1BB8 022E1BD8 022E1BD8 022E1C04
022E3634,022E3638,8,cmplwi,022E3658 022E36B8 022E36CC 022E37AC 022E387C 022E394C 022E39FC 022E3ADC
022E9E2C,022E9E30,9,cmplwi,022E9E54 022E9F08 022E9E6C 022E9E84 022E9E9C 022E9EB4 022E9ECC 022E9EE4 022E9EFC
022E9F24,022E9F28,9,cmplwi,022E9F4C 022E9F74 022E9F9C 022E9FC4 022E9FEC 022EA014 022EA03C 022EA064 022EA08C
022EA888,022EA88C,21,cmplwi,022EA8E0 022EA8F0 022EA910 022EAA28 022EAA28 022EA920 022EA998 022EA9A8 022EA9B8 022EAA28 022EA954 022EA988 022EAA28 022EA9C8 022EA9D8 022EAA28 022EA9E8 022EA9F8 022EAA08 022EAA18 022EAA28
022EABB8,022EABBC,24,cmplwi,022EAC1C 022EAD68 022EAD24 022EAC28 022EAC90 022EACAC 022EACB8 022EACC4 022EACD0 022EACDC 022EACE8 022EACF4 022EAD00 022EAD68 022EAD0C 022EAD18 022EAD68 022EAD78 022EAC84 022EAD68 022EAD34 022EAD40 022EAD5C 022EAD68
022EAF8C,022EAF90,19,cmplwi,022EAFDC 022EAFE8 022EAFF4 022EB000 022EB00C 022EB084 022EB00C 022EB018 022EB024 022EB030 022EB03C 022EB084 022EB03C 022EB048 022EB054 022EB084 022EB060 022EB084 022EAFDC
022EB3F0,022EB3F4,15,cmplwi,022EB444 022EB444 022EB450 022EB45C 022EB53C 022EB53C 022EB53C 022EB53C 022EB53C 022EB468 022EB474 022EB480 022EB48C 022EB4CC 022EB4C0
022ECFF8,022ECFFC,19,cmplwi,022ED14C 022ED048 022ED14C 022ED06C 022ED14C 022ED14C 022ED14C 022ED14C 022ED14C 022ED14C 022ED14C 022ED14C 022ED14C 022ED090 022ED0B4 022ED0D8 022ED0FC 022ED120 022ED144
022ED2A4,022ED2A8,13,cmplwi,022ED470 022ED2DC 022ED324 022ED300 022ED348 022ED36C 022ED390 022ED3B4 022ED3D8 022ED3FC 022ED420 022ED444 022ED468
022F36F0,022F36F4,15,cmplwi,022F3730 022F3730 022F374C 022F3768 022F37A0 022F37A0 022F3958 022F3984 022F39E0 022F3730 022F3A90 022F3AB8 022F3AB8 022F38C8 022F3B7C
022F4B90,022F4B94,11,cmplwi,022F4CD4 022F4CD4 022F4C34 022F4BEC 022F4CB8 022F4BC0 022F4BEC 022F4C04 022F4C4C 022F4C70 022F4C94
022F645C,022F6460,14,cmplwi,022F672C 022F6600 022F672C 022F65B8 022F65DC 022F6624 022F6498 022F64BC 022F64E0 022F6504 022F6528 022F654C 022F6570 022F6594
022F7E90,022F7E94,8,cmplwi,022F7EB4 022F7EC8 022F7EDC 022F7EF0 022F7F04 022F7F18 022F7F2C 022F7F2C
022F94B4,022F94B8,14,cmplwi,022F9548 022F9708 022F9558 022F9708 022F9568 022F9708 022F9708 022F9588 022F9598 022F9708 022F95A8 022F95B8 022F9708 022F9578
022F9C6C,022F9C70,12,cmplwi,022F9CE8 022F9CA0 022F9CA0 022F9CA0 022F9CA0 022F9CB0 022F9CD4 022F9CB0 022F9CA0 022F9CB0 022F9CA0 022F9CA0
022FA358,022FA35C,24,cmplwi,022FA3EC 022FA490 022FA404 022FA490 022FA41C 022FA490 022FA490 022FA464 022FA490 022FA464 022FA490 022FA464 022FA490 022FA464 022FA490 022FA464 022FA490 022FA490 022FA490 022FA47C 022FA47C 022FA490 022FA490 022FA434
023017D4,023017D8,12,cmplwi,02301808 02301818 02301828 02301838 02301894 02301894 02301848 02301858 02301868 02301894 02301894 02301878
02305104,02305108,8,cmplwi,02305128 02305204 02305218 0230522C 02305240 02305254 0230526C 02305280
02306FCC,02306FD0,14,cmplwi,02307008 02307020 02307038 02307050 02307068 02307080 0230713C 02307098 023070B0 023070C8 023070E0 023070F8 02307110 02307128
0230C6A4,0230C6A8,8,cmplwi,0230C6C8 0230C7D4 0230C9B4 0230CA20 0230CC8C 0230CCDC 0230CD2C 0230CDE4
0230D860,0230D864,12,cmplwi,0230D894 0230D9A0 0230D9E4 0230DA44 0230DB64 0230E08C 0230E1FC 0230E240 0230E33C 0230E3A0 0230E478 0230E4C8
0230FE48,0230FE4C,13,cmplwi,0230FE80 0230FFA4 0230FFF4 02310070 023100F4 02310164 023101F8 02310268 023104A0 023104A0 023102AC 02310360 023103D0
02310658,0231065C,9,b-run,02310680 0231077C 023107F0 02310950 02310A90 02310B6C 02310CEC 02310D4C 02310DA8
02317BD0,02317BD4,11,cmplwi,02317C00 02317C1C 02317C98 02317C80 02317C2C 02317C38 02317C5C 02317C68 02317C98 02317C80 02317C88
023364D4,023364D8,9,cmplwi,023364FC 02336514 0233654C 02336564 023365CC 02336578 02336590 023365A8 023365C0
02336A90,02336A94,15,cmplwi,02336AD0 02336B88 02336BD8 02336C14 02336C50 02336C74 02336CB0 02336CDC 02336D00 02336D3C 02336E1C 02336DBC 02336DE0 02336E2C 02336E1C
0233E2E8,0233E2EC,11,cmplwi,0233E318 0233E5E0 0233E418 0233E478 0233E478 0233E478 0233E418 0233E478 0233E478 0233E478 0233E594
023518D4,023518D8,8,cmplwi,023518F8 0235191C 0235193C 0235195C 02351980 023519A4 023519C8 023519E8
0235F930,0235F934,8,cmplwi,0235F954 0235F9AC 0235FA04 0235FA5C 0235FAB4 0235FB0C 0235FB64 0235FBBC
02373F1C,02373F20,13,cmplwi,02373F54 02374018 023740B8 0237427C 023742B8 02374314 02374328 023744BC 02374538 023745F0 02374620 02374650 0237468C
023A5610,023A5614,20,cmplwi,023A5688 023A5688 023A5664 023A57A4 023A5664 023A5664 023A56F8 023A57D8 023A57D8 023A57D8 023A5800 023A5664 023A5664 023A5664 023A58FC 023A5928 023A59F0 023A59F0 023A572C 023A5928
023B4F68,023B4F6C,8,cmplwi,023B4F8C 023B4FE0 023B5034 023B5088 023B50DC 023B5130 023B5184 023B51D8
023C1F3C,023C1F40,7,cmplwi,023C1F5C 023C20BC 023C2110 023C214C 023C23F0 023C2428 023C2620
023CC378,023CC37C,7,cmplwi,023CC398 023CCDD4 023CCF30 023CD650 023CDE1C 023CE868 023CE89C
023CC71C,023CC720,9,cmplwi,023CC744 023CC7E8 023CC8C8 023CC90C 023CCA1C 023CCA4C 023CCACC 023CCB3C 023CCBDC
023CCF58,023CCF5C,7,cmplwi,023CCF78 023CD110 023CD194 023CD220 023CD244 023CD3A8 023CD474
023CD67C,023CD680,7,cmplwi,023CD69C 023CD758 023CD818 023CD9D0 023CDA58 023CDB18 023CDCA0
023CDE44,023CDE48,10,cmplwi,023CDE70 023CE010 023CE0FC 023CE158 023CE3DC 023CE430 023CE564 023CE590 023CE6C4 023CE7A0
02448670,02448674,13,cmplwi,024486A8 02448754 02448828 02448B34 024488F8 02448948 02448B34 02448B34 02448B34 02448B34 02448980 02448A28 02448AFC
0244B5CC,0244B5D0,29,cmplwi,0244B6A0 0244B6E0 0244B76C 0244C5E8 0244C5E8 0244C5E8 0244BA68 0244BAD4 0244BB48 0244B898 0244B8AC 0244B970 0244C5E8 0244BBA8 0244BC60 0244BC88 0244BD6C 0244C5E8 0244C5E8 0244C5E8 0244BDFC 0244C5E8 0244C5E8 0244C5E8 0244C5E8 0244BED0 0244BF1C 0244BF58 0244BF94
0244C740,0244C744,12,cmplwi,0244C774 0244C7C4 0244C81C 0244C904 0244C978 0244CA64 0244CC74 0244CCB8 0244CD88 0244CDCC 0244CA94 0244CB50
0244CEF4,0244CEF8,13,b-run,0244CF2C 0244CFDC 0244D024 0244D098 0244D2E0 0244D3D8 0244D428 0244D460 0244D4C8 0244D544 0244D57C 0244D688 0244D734
024501D4,024501D8,23,cmplwi,02450234 02450298 024504A0 02450524 024505AC 02450624 02450C28 02450C28 02450C28 02450C28 02450C28 02450C28 02450C28 02450C28 02450C28 02450C28 02450C28 02450C28 02450C28 02450C28 02450980 02450A2C 02450B80
0248AFEC,0248AFF0,51,cmplwi,0248B0BC 0248B0E4 0248B454 0248B454 0248B454 0248B454 0248B454 0248B454 0248B454 0248B454 0248B104 0248B12C 0248B454 0248B454 0248B454 0248B454 0248B454 0248B454 0248B454 0248B150 0248B190 0248B1D4 0248B218 0248B454 0248B454 0248B454 0248B454 0248B454 0248B454 0248B278 0248B2B8 0248B2FC 0248B340 0248B454 0248B454 0248B454 0248B454 0248B454 0248B454 0248B454 0248B3B0 0248B438 0248B454 0248B454 0248B454 0248B454 0248B454 0248B454 0248B454 0248B454 0248B4FC
024926DC,024926E0,11,cmplwi,0249270C 02492950 02492C5C 024936DC 024936DC 02492DC8 024930A4 0249339C 024934D8 024936DC 024936A0
02496FE0,02496FE4,8,b-run,02497004 02497040 02497060 02497068 02497204 024970EC 02497148 024971A8
02497870,02497874,29,cmplwi,02497954 024979D4 02497AFC 02497C40 02499250 02497E48 02497EC8 02497FF0 0249813C 02499250 02498344 02498408 0249896C 024984A4 02498B50 024985A8 0249866C 02498CB4 02498708 02498810 024988EC 0249896C 02498A4C 02498B50 02499250 02498C2C 02498CAC 02498D9C 02498EA4
024A7BD8,024A7BDC,12,cmplwi,024A7C88 024A7C0C 024A7C18 024A7C24 024A7C30 024A7C3C 024A7C60 024A7C6C 024A7C78 024A7C84 024A7C48 024A7C54
024A804C,024A8050,12,cmplwi,024A8128 024A8080 024A8090 024A80A0 024A80B0 024A80C0 024A80F0 024A8100 024A8110 024A8120 024A80D0 024A80E0
024A9090,024A9094,18,cmplwi,024A926C 024A90DC 024A926C 024A926C 024A926C 024A926C 024A9134 024A9150 024A91B0 024A917C 024A91B0 024A91DC 024A926C 024A91F0 024A920C 024A9228 024A91B0 024A9244
024A938C,024A9390,16,cmplwi,024A9468 024A93F4 024A9468 024A9468 024A93D0 024A9468 024A9468 024A9468 024A93D0 024A93DC 024A9468 024A9400 024A9450 024A9468 024A9450 024A945C
024AA880,024AA884,8,cmplwi,024AA9A0 024AA8A4 024AA934 024AA958 024AA910 024AA8C8 024AA8EC 024AA97C
024B0DBC,024B0DC0,10,cmplwi,024B0E4C 024B0DE8 024B0DF4 024B0E00 024B0E0C 024B0E18 024B0E24 024B0E30 024B0E3C 024B0E48
024C33F0,024C33F4,23,b-run,024C3450 024C3494 024C3538 024C3E34 024C3E34 024C3E34 024C3E34 024C3E34 024C3E34 024C3E34 024C3690 024C38D8 024C3AE8 024C3B90 024C3E34 024C3E34 024C3E34 024C3E34 024C3E34 024C3E34 024C3CF4 024C3D68 024C3E10
024C4210,024C4214,26,cmplwi,024C427C 024C4A7C 024C69E8 024C69E8 024C4F70 024C58F0 024C69E8 024C69E8 024C693C 024C694C 024C692C 024C695C 024C699C 024C69E8 024C69AC 024C69E8 024C69E8 024C697C 024C696C 024C69E8 024C69BC 024C69CC 024C69E8 024C698C 024C69E8 024C69DC
024C4FF0,024C4FF4,7,cmplwi,024C50BC 024C50F8 024C51B4 024C5304 024C532C 024C538C 024C5400
024C594C,024C5950,22,cmplwi,024C5B48 024C59F8 024C6850 024C6850 024C6850 024C6850 024C6850 024C6850 024C6850 024C6850 024C631C 024C6850 024C6370 024C59D0 024C6530 024C655C 024C658C 024C6850 024C65BC 024C6850 024C6698 024C66F8
024E3E28,024E3E2C,9,cmplwi,024E3E50 024E3F3C 024E3F78 024E4148 024E41C0 024E4468 024E4608 024E4690 024E471C
024E5430,024E5434,34,cmplwi,024E54BC 024E5818 024E5844 024E58A4 024E5EC4 024E5EC4 024E5EC4 024E5EC4 024E5EC4 024E5EC4 024E58F0 024E59BC 024E5A0C 024E5EC4 024E5EC4 024E5EC4 024E5EC4 024E5EC4 024E5EC4 024E5EC4 024E5EC4 024E5EC4 024E5EC4 024E5EC4 024E5EC4 024E5EC4 024E5EC4 024E5EC4 024E5EC4 024E5EC4 024E5A70 024E5AC4 024E5B0C 024E5DCC
024E7A20,024E7A24,13,cmplwi,024E7E5C 024E7F88 024E8454 024E84B0 024E84FC 024E8688 024E86A8 024E8898 024E91C4 024E91C4 024E8DD4 024E8E50 024E8F48
02509A00,02509A04,32,cmplwi,02509A84 0250B290 0250B290 0250B290 0250B290 0250B290 0250B290 0250B290 0250B290 0250B290 0250B290 0250AA58 0250AA58 0250AD24 0250A1C0 0250A1C0 02509EA0 02509EA0 0250A310 0250A310 02509D0C 02509D0C 0250A02C 0250A02C 0250A564 0250A564 0250A7E4 0250A7E4 0250AFA4 0250B158 0250AA58 0250AA58
02520C74,02520C78,18,cmplwi,02520D68 02520D84 02520DA0 02520DBC 02520DD8 02520DF4 02520E10 02520E2C 02520E48 02520E64 02520E80 02520EE0 02520CC0 02520CDC 02520CF8 02520D14 02520D30 02520D4C
02521060,02521064,10,cmplwi,025212D0 025212F0 025214C0 02521340 02521370 025213A0 025213D0 02521400 02521430 02521460
025210A8,025210AC,18,cmplwi,0252119C 025211B8 025211D4 025211F0 0252120C 02521228 02521244 02521260 0252127C 02521298 025212B4 025214C0 025210F4 02521110 0252112C 02521148 02521164 02521180
0253FD88,0253FD8C,14,cmplwi,0253FDC4 0253FDEC 0253FDD8 0253FE00 0253FE2C 0253FE50 0253FE74 0253FE74 0253FE74 0253FE74 0253FE9C 0253FDEC 0253FE88 0253FEE4
025410C8,025410CC,9,cmplwi,025410F0 02541108 02541120 025411DC 0254122C 025412E8 02541334 025413D4 025413EC
02541C08,02541C0C,8,cmplwi,02541C88 02541C2C 02541C58 02541C70 02541C88 02541CA0 02541CB4 02541D6C
02541ED0,02541ED4,9,cmplwi,02541EF8 02541F10 02542058 02541F6C 02541F84 02541F6C 02542058 02541FE8 0254204C
02542070,02542074,9,cmplwi,02542098 025420B8 02542148 0254217C 025421F4 02542218 0254217C 02542098 02542254
025424EC,025424F0,13,cmplwi,02542610 02542578 02542610 02542610 0254255C 02542610 02542540 025425EC 025425D0 02542608 02542610 02542524 025425A0
025582B4,025582B8,8,cmplwi,025582D8 025582F4 02558310 0255832C 02558348 02558364 02558380 0255839C
02558648,0255864C,8,cmplwi,0255866C 02558688 025586A4 025586C0 025586DC 025586F8 02558714 02558730
025B5DD8,025B5DDC,18,b-run,025B5E24 025B5E34 025B5E44 025B5E54 025B5E64 025B5E74 025B5E84 025B5E94 025B5EA4 025B5EB4 025B5EC4 025B5ED4 025B5EE4 025B5EF4 025B5F04 025B5F14 025B5F24 025B5F34
025B5F64,025B5F68,18,cmplwi,025B5FB0 025B5FC4 025B5FD4 025B5FE4 025B5FF4 025B6004 025B6014 025B6024 025B6034 025B6044 025B6054 025B6064 025B6074 025B6084 025B6094 025B60A4 025B60B4 025B60C4
025F9108,025F910C,21,b-run,025F9160 025F9180 025F91A0 025F91C0 025F91E0 025F9200 025F92D8 025F92D8 025F92D8 025F92D8 025F92D8 025F92D8 025F92D8 025F92D8 025F92D8 025F9220 025F9240 025F9260 025F9280 025F92A0 025F92BC
025FB948,025FB94C,13,cmplwi,025FB980 025FB984 025FB988 025FB98C 025FB990 025FB9B4 025FB994 025FB998 025FB99C 025FB9A0 025FB9A4 025FB9A8 025FB9AC
0260030C,02600310,45,cmplwi,026003C4 026003C8 026003CC 026003D0 026003D8 026003CC 026003CC 026003E0 026003E4 026003E8 026003F0 026003CC 02600400 02600404 02600408 0260040C 0260040C 02600410 02600414 02600418 0260041C 026003CC 02600420 02600424 026003F4 026003F8 026003FC 02600428 0260042C 02600430 02600434 02600438 0260043C 02600440 02600444 02600448 0260044C 02600450 02600454 02600458 0260045C 0260045C 0260045C 0260045C 0260045C
0262A7F4,0262A7F8,7,cmplwi,0262A814 0262A82C 0262A844 0262A85C 0262A874 0262A88C 0262A8A4
02682554,02682558,8,cmplwi,02682584 026825C0 02682578 026825A8 0268259C 026825E4 026825CC 026825F0
026CC278,026CC27C,13,cmplwi,026CC2D8 026CC348 026CC3B8 026CC428 026CC448 026CC468 026CC48C 026CC4B0 026CC4D0 026CC4F0 026CC510 026CC530 026CC57C
026CC5B4,026CC5B8,13,cmplwi,026CC5EC 026CC658 026CC6C4 026CC730 026CC74C 026CC768 026CC788 026CC7A8 026CC7C4 026CC7E0 026CC7FC 026CC818 026CC860
0270537C,02705380,9,cmplwi,02705524 027053A4 02705434 02705404 027054F4 027054C4 02705464 02705494 027053D4
027331E0,027331E4,17,cmplwi,02733228 02733258 027332D4 02733300 0273332C 027333C4 027334B4 027336E8 02733514 0273354C 0273358C 027335F8 02733624 02733658 02733684 027336B0 027336DC
0274651C,02746520,11,b-run,0274654C 02746554 0274658C 027465B0 027465D4 0274655C 02746564 0274656C 02746574 0274657C 02746584
0275B694,0275B698,22,cmplwi,0275B850 0275B744 0275B8AC 0275B888 0275B8F4 0275B93C 0275B744 0275B93C 0275B93C 0275B93C 0275B93C 0275B93C 0275B794 0275B80C 0275B93C 0275B93C 0275B86C 0275B93C 0275B76C 0275B93C 0275B93C 0275B7BC
02786798,0278679C,95,cmplwi,027874E8 027875E4 02787688 02787688 027878DC 027878DC 027878DC 02787B28 027871FC 027871FC 027871FC 027871FC 027871FC 027871FC 02787C28 02787C28 02787C28 02787C28 02787C28 02787E8C 02787F2C 02787F2C 02788000 027880F8 027880F8 027880F8 027882A8 02788418 02788418 027884F0 02788570 02788570 02788688 027886FC 02788834 02788960 02788A84 02788B10 02788BAC 02788D20 02786AF0 02788E98 0278902C 027891EC 0278951C 027892E4 027892E4 027892E4 027892E4 027895B4 0278B8B0 02789638 027896B8 02789774 02789844 02789910 02789910 02789C88 02789EF8 0278A184 0278A1F8 0278A26C 0278A3A4 0278A59C 0278A630 0278A6A4 0278A790 0278A8F0 0278A984 0278AA44 0278ABC4 0278AC28 0278AC6C 0278AD28 0278AD6C 0278ADAC 0278AEE0 0278AFB0 0278B020 0278B110 0278B19C 0278B22C 0278B2BC 0278B340 0278B3A8 0278B430 0278B4C4 0278B5DC 0278B6DC 027899C8 02789A48 02789AE4 02789B68 02789C04 0278B7C8
0279EC7C,0279EC80,16,cmplwi,0279ECE4 0279ED2C 0279F0A0 0279EDA0 0279EE4C 0279EF00 0279EFF4 0279F0A0 0279F0A0 0279ECC0 0279ECC0 0279ECC0 0279ECC0 0279F108 0279F108 0279F0A0
027A7A44,027A7A48,16,cmplwi,027A7C68 027A7C68 027A7C68 027A7C68 027A7C08 027A7C08 027A7A88 027A7AE8 027A7BA8 027A7B48 027A7C08 027A7C68 027A7C68 027A7C68 027A7C68 027A7BA8
027ABE04,027ABE08,7,cmplwi,027ABE24 027ABE54 027ABE84 027ABEB4 027ABEE4 027ABF14 027ABF44
027F8030,027F8034,19,cmplwi,027F8098 027F80B0 027F80E0 027F80C8 027F8080 027F80C8 027F80FC 027F812C 027F812C 027F812C 027F8114 027F80FC 027F8144 027F8080 027F80FC 027F8174 027F815C 027F812C 027F812C
027F9F30,027F9F34,11,b-run,027F9F60 027F9F68 027F9F70 027F9F78 027F9F80 027F9F88 027F9F90 027F9F98 027F9FA0 027F9FA8 027F9FB0
027FC848,027FC84C,8,cmplwi,027FC86C 027FC8BC 027FC90C 027FCA98 027FC95C 027FC9AC 027FC9FC 027FCA4C
02804860,02804864,9,cmplwi,02804C20 02804888 028048D8 02804980 02804B34 02804A54 02804AC4 02804B58 02804BA0
0281D7B0,0281D7B4,13,cmplwi,0281D7E8 0281D7F4 0281D800 0281D80C 0281D818 0281D85C 0281D824 0281D830 0281D85C 0281D85C 0281D83C 0281D848 0281D854
0281ED8C,0281ED90,7,cmplwi,0281EF98 0281F03C 0281F0E0 0281F184 0281EDAC 0281EEF4 0281EE50
0281F55C,0281F560,11,cmplwi,0281F58C 0281F59C 0281F5BC 0281F5CC 0281F5DC 0281F5FC 0281F60C 0281F61C 0281F62C 0281F63C 0281F64C
02824170,02824174,9,cmplwi,02824198 028241A0 028241AC 028241B8 028241C4 028241D0 028241DC 028241E8 028241F4
02828AC8,02828ACC,11,cmplwi,02828AF8 02828B40 02828B6C 02828C08 02828CA0 02828EAC 02828EF4 02828DD4 02828E1C 02828E64 02828D3C
02828F60,02828F64,11,cmplwi,02828F90 02828FE0 02829014 028290D8 0282919C 02829414 02829464 02829324 02829374 028293C4 02829260
02838698,0283869C,23,cmplwi,0283887C 028386F8 02838870 02838870 02838870 02838870 02838870 02838870 02838870 02838870 02838870 02838870 02838870 02838870 02838870 02838870 0283871C 02838790 028387F0 02838810 02838828 02838840 02838860
0283A8C8,0283A8CC,31,cmplwi,0283A970 0283A978 0283A980 0283A9E0 0283A9E8 0283A9F0 0283AC38 0283AC38 0283AC38 0283A948 0283A950 0283AA0C 0283AC38 0283AC38 0283AC38 0283AC38 0283AC38 0283AC38 0283AC38 0283A958 0283AC38 0283AC38 0283AC38 0283AC38 0283AC38 0283AC38 0283AC38 0283AA48 0283A960 0283AC38 0283A968
0283B2EC,0283B2F0,35,cmplwi,0283B3B4 0283B3B4 0283B3B4 0283B4EC 0283B3EC 0283B3EC 0283B3EC 0283B51C 0283B37C 0283B37C 0283B37C 0283B37C 0283B48C 0283B4BC 0283B424 0283B458 0283B54C 0283B628 0283B628 0283B628 0283B628 0283B628 0283B628 0283B628 0283B628 0283B628 0283B628 0283B628 0283B628 0283B628 0283B628 0283B628 0283B628 0283B57C 0283B608
0283B7CC,0283B7D0,75,cmplwi,0283BCAC 0283BCAC 0283BCAC 0283BCAC 0283BCAC 0283BCAC 0283BCAC 0283BCAC 0283BCAC 0283B914 0283B914 0283B914 0283BAA8 0283B950 0283B950 0283B950 0283BAD8 0283B98C 0283B98C 0283B98C 0283BB08 0283BCAC 0283BCAC 0283BCAC 0283BCAC 0283BCAC 0283BCAC 0283BCAC 0283BCAC 0283B9C8 0283B9C8 0283B9C8 0283B9C8 0283BB38 0283BB68 0283BCAC 0283BCAC 0283BCAC 0283BCAC 0283BCAC 0283BCAC 0283BCAC 0283BCAC 0283BCAC 0283BCAC 0283BCAC 0283BA40 0283BA74 0283B904 0283B90C 0283BBF8 0283BCAC 0283BCAC 0283BCAC 0283BCAC 0283BCAC 0283BCAC 0283BCAC 0283BCAC 0283BCAC 0283BCAC 0283BCAC 0283BCAC 0283BCAC 0283BCAC 0283BCAC 0283BCAC 0283BCAC 0283B8FC 0283BA04 0283BA04 0283BA04 0283BA04 0283BB98 0283BBC8
02855CE4,02855CE8,28,cmplwi,02855DE0 02855E40 02855F00 02855E40 02855E40 02855E40 02855E40 02855E00 02855E20 02855E40 02855EEC 02855E40 02855E40 02855E40 02855F84 02855F84 02855F84 02855F84 02855F84 02855F84 02855F84 02855F84 02855D8C 02855EAC 02855E7C 02855F14 02855FC4 02855F28
0287DC00,0287DC04,30,b-run,0287E480 0287DC7C 0287DCC8 0287DD14 0287DD58 0287DD9C 0287DDE0 0287DE24 0287DE68 0287DEAC 0287DEF0 0287DF34 0287DF78 0287DFC4 0287E010 0287E05C 0287E0A0 0287E0EC 0287E138 0287E17C 0287E1C0 0287E204 0287E248 0287E28C 0287E2D0 0287E314 0287E358 0287E39C 0287E3E8 0287E434
02886018,0288601C,79,cmplwi,02886D3C 02886D3C 02886158 02886170 0288619C 028861B8 028861D4 028861F0 0288620C 02886228 0288624C 02886270 028862A8 028862D0 028863E8 02886400 02886444 02886464 02886480 028864A0 028864BC 028864D8 028864F8 02886514 02886548 02886568 0288658C 028865AC 028865CC 028865EC 02886610 02886630 02886654 02886674 02886694 028866B0 028866D0 028866F0 02886710 02886730 02886754 02886778 0288679C 028867C0 028867E4 0288680C 0288682C 0288684C 02886868 02886890 028868AC 028868C8 028868EC 02886930 02886948 02886968 02886988 028869A8 028869C4 028869E4 02886A08 02886A28 02886A48 02886A68 02886A8C 02886AB0 02886AD8 02886AFC 02886B20 02886B44 02886B6C 02886B8C 02886BA8 02886BC4 02886C00 02886C3C 02886C58 02886CF4 02886D2C
0289DAF0,0289DAF4,9,cmplwi,0289DC70 0289DB18 0289DBA4 0289DBC0 0289DBDC 0289DBF8 0289DC14 0289DC30 0289DC50
028AB3F4,028AB3F8,53,cmplwi,028AB570 028AC0D4 028AC208 028AB7BC 028AC368 028AC3A4 028AC410 028AD780 028AD780 028AD780 028AD780 028AD780 028AD780 028ABE48 028ABF3C 028ABC58 028AB9FC 028AB63C 028AB7F8 028AB8B8 028AB8F4 028AB9C0 028ABBD8 028ABC14 028AC1B0 028AC268 028ABCD8 028ABD3C 028ABE84 028ABEC0 028AC2B4 028ABC9C 028ABFE4 028AC020 028AC05C 028AC098 028AC774 028AB6FC 028AC53C 028ABB0C 028AC2F8 028AC44C 028AC488 028AC500 028ABACC 028AB5F8 028AC4C4 028AC164 028ABEFC 028AB518 028AD780 028ABF78 028ABDA0
028AC900,028AC904,50,cmplwi,028ACA08 028ACA44 028ACA88 028ACACC 028ACB10 028ACB60 028ACBF0 028ACC60 028ACCA4 028ACCE8 028ACD2C 028ACD6C 028AD780 028AD780 028AD780 028AD780 028ACDC0 028ACE0C 028ACE5C 028ACEA8 028ACEF8 028ACF44 028AD780 028AD780 028AD780 028AD780 028AD780 028AD780 028AD780 028AD780 028AD780 028AD780 028AD23C 028AD148 028ACFD8 028AD03C 028AD184 028AD1C0 028AD4DC 028AD3E8 028AD278 028AD2DC 028AD424 028AD460 028AD77C 028AD688 028AD518 028AD57C 028AD6C4 028AD700
028AC9E8,028AC9EC,7,cmplwi,028ACF90 028AD1FC 028AD0A0 028AD49C 028AD340 028AD73C 028AD5E0
028BB528,028BB52C,15,cmplwi,028BBD9C 028BC7A8 028BBDB4 028BC7A8 028BB568 028BC34C 028BBE0C 028BC7A8 028BBE34 028BC7A8 028BC7A8 028BC7A8 028BB884 028BC7A8 028BC674
028D2F60,028D2F64,32,cmplwi,028D4C54 028D2FE4 028D4C54 028D3038 028D308C 028D30E4 028D3158 028D31E8 028D3278 028D4C54 028D3340 028D3568 028D3794 028D4C54 028D3518 028D4C54 028D4C54 028D4C54 028D2FE4 028D423C 028D428C 028D42E4 028D4354 028D3038 028D43B0 028D44A8 028D45A0 028D4668 028D4730 028D4778 028D48C8 028D4A98
028D37BC,028D37C0,38,cmplwi,028D4C54 028D4C54 028D4C54 028D3858 028D38B8 028D390C 028D4C54 028D4C54 028D4C54 028D3944 028D3980 028D39C4 028D3A08 028D4C54 028D3A54 028D3A88 028D4C54 028D4C54 028D3AD4 028D4C54 028D3AF0 028D3B3C 028D3B90 028D4C54 028D3C00 028D4C54 028D3C3C 028D3C74 028D3CB8 028D3D0C 028D3D60 028D4C54 028D4C54 028D4C54 028D3E58 028D3F0C 028D4000 028D40CC
028DB734,028DB738,8,cmplwi,028DB758 028DB75C 028DB760 028DB764 028DB768 028DB76C 028DB770 028DB774
028DCE20,028DCE24,10,cmplwi,028DCE4C 028DD134 028DD5CC 028DD870 028DDAB8 028DDD18 028DDF84 028DE250 028DE324 028DE4EC
028DD420,028DD424,7,cmplwi,028DD440 028DD45C 028DD478 028DD4B0 028DD4E8 028DD520 028DD558
028DD5F4,028DD5F8,7,cmplwi,028DD614 028DD708 028DD74C 028DD754 028DD75C 028DD7A0 028DD7E4
028DE90C,028DE910,8,b-run,028DE930 028DE968 028DE994 028DE9A4 028DE9B8 028DEABC 028DEB44 028DECB4
028DF33C,028DF340,20,cmplwi,028DF3A4 028DF3BC 028DF3D8 028DF3F0 028DF40C 028DF424 028DF4E4 028DF4E4 028DF4E4 028DF4E4 028DF43C 028DF460 028DF4E4 028DF4E4 028DF4E4 028DF4E4 028DF47C 028DF48C 028DF4B0 028DF49C
028E6390,028E6394,20,cmplwi,028E7758 028E66E8 028E66E8 028E66E8 028E7758 028E76E8 028E642C 028E63E4 028E6474 028E649C 028E64C4 028E652C 028E7758 028E6628 028E65E8 028E6668 028E66A8 028E66A8 028E76AC 028E64EC
028F1448,028F144C,24,cmplwi,028F15E8 028F16B0 028F16B8 028F14AC 028F15E8 028F15E8 028F15E8 028F16B0 028F14AC 028F16B0 028F16B0 028F16B0 028F16B0 028F1620 028F155C 028F1538 028F16B0 028F16B0 028F1694 028F16B0 028F155C 028F16B0 028F16B0 028F155C
