address,name,evidence
025B9938,dSv_save_c_init,twwhd-randomizer@f28d289 asm/linker.ld
0254DA38,execItemGet,twwhd-randomizer@f28d289 asm/linker.ld
0254EE14,item_func_sword,twwhd-randomizer@f28d289 asm/linker.ld
0254EED4,item_func_shield,twwhd-randomizer@f28d289 asm/linker.ld
0254EF14,item_func_mirror_shield,twwhd-randomizer@f28d289 asm/linker.ld
0254F7D0,item_func_normal_sail,twwhd-randomizer@f28d289 asm/linker.ld
0254F5D0,item_func_swift_sail,twwhd-randomizer@f28d289 asm/linker.ld
0254E118,item_func_wind_tact,twwhd-randomizer@f28d289 asm/linker.ld
0254F558,item_func_tact_song1,twwhd-randomizer@f28d289 asm/linker.ld
0254F56C,item_func_tact_song2,twwhd-randomizer@f28d289 asm/linker.ld
0254F5BC,item_func_tact_song6,twwhd-randomizer@f28d289 asm/linker.ld
0254EE54,item_func_master_sword,twwhd-randomizer@f28d289 asm/linker.ld
0254EE94,item_func_lv3_sword,twwhd-randomizer@f28d289 asm/linker.ld
0254EF94,item_func_master_sword_ex,twwhd-randomizer@f28d289 asm/linker.ld
0254E630,item_func_bow,twwhd-randomizer@f28d289 asm/linker.ld
0254E994,item_func_magic_arrow,twwhd-randomizer@f28d289 asm/linker.ld
0254EBD4,item_func_light_arrow,twwhd-randomizer@f28d289 asm/linker.ld
02550090,item_func_max_rupee_up1,twwhd-randomizer@f28d289 asm/linker.ld
025500A4,item_func_max_rupee_up2,twwhd-randomizer@f28d289 asm/linker.ld
025500B8,item_func_max_bomb_up1,twwhd-randomizer@f28d289 asm/linker.ld
025500D4,item_func_max_bomb_up2,twwhd-randomizer@f28d289 asm/linker.ld
025500F0,item_func_max_arrow_up1,twwhd-randomizer@f28d289 asm/linker.ld
0255010C,item_func_max_arrow_up2,twwhd-randomizer@f28d289 asm/linker.ld
0254E318,item_func_camera,twwhd-randomizer@f28d289 asm/linker.ld
0254E3F0,item_func_camera2,twwhd-randomizer@f28d289 asm/linker.ld
02550128,item_func_max_mp_up1,twwhd-randomizer@f28d289 asm/linker.ld
0254EFD4,item_func_pirates_omamori,twwhd-randomizer@f28d289 asm/linker.ld
0254DFA4,item_func_small_key,twwhd-randomizer@f28d289 asm/linker.ld
0254F2C0,item_func_boss_key,twwhd-randomizer@f28d289 asm/linker.ld
0254F26C,item_func_map,twwhd-randomizer@f28d289 asm/linker.ld
0254F2AC,item_func_compass,twwhd-randomizer@f28d289 asm/linker.ld
0254E030,item_func_joy_pendant,twwhd-randomizer@f28d289 asm/linker.ld
0254F004,item_func_skull_necklace,twwhd-randomizer@f28d289 asm/linker.ld
0254F05C,item_func_boko_baba_seed,twwhd-randomizer@f28d289 asm/linker.ld
0254F0B4,item_func_golden_feather,twwhd-randomizer@f28d289 asm/linker.ld
0254F10C,item_func_knights_crest,twwhd-randomizer@f28d289 asm/linker.ld
0254F164,item_func_red_chu_jelly,twwhd-randomizer@f28d289 asm/linker.ld
0254F1BC,item_func_green_chu_jelly,twwhd-randomizer@f28d289 asm/linker.ld
0254F214,item_func_blue_chu_jelly,twwhd-randomizer@f28d289 asm/linker.ld
025B8B68,onEventBit,twwhd-randomizer@f28d289 asm/linker.ld
025B8B94,isEventBit,twwhd-randomizer@f28d289 asm/linker.ld
025B8BB0,getEventReg,twwhd-randomizer@f28d289 asm/linker.ld
025B8AF4,setEventReg,twwhd-randomizer@f28d289 asm/linker.ld
025BA0C0,dSv_info_c::isSwitch,twwhd-randomizer@f28d289 asm/linker.ld
025B9E38,onSwitch,twwhd-randomizer@f28d289 asm/linker.ld
025B9F7C,offSwitch,twwhd-randomizer@f28d289 asm/linker.ld
025B8DC8,dSv_memBit_c::isSwitch,twwhd-randomizer@f28d289 asm/linker.ld
025B9098,onDungeonItem,twwhd-randomizer@f28d289 asm/linker.ld
025B9100,isDungeonItem,twwhd-randomizer@f28d289 asm/linker.ld
025B7CC0,onSymbol,twwhd-randomizer@f28d289 asm/linker.ld
025B7A2C,isCollect,twwhd-randomizer@f28d289 asm/linker.ld
025B7944,onCollect,twwhd-randomizer@f28d289 asm/linker.ld
025B7B10,isTact,twwhd-randomizer@f28d289 asm/linker.ld
02520A84,isStageBossEnemy,twwhd-randomizer@f28d289 asm/linker.ld
025B7E00,getTriforceNum,twwhd-randomizer@f28d289 asm/linker.ld
02520864,dComIfGs_isStageTbox,twwhd-randomizer@f28d289 asm/linker.ld
025B8C74,isTbox,twwhd-randomizer@f28d289 asm/linker.ld
025D4ED0,fopAc_ac_c_ct,twwhd-randomizer@f28d289 asm/linker.ld
025D8870,fopAcM_createItem,twwhd-randomizer@f28d289 asm/linker.ld
025D8120,fopAcM_createItemFromTable,twwhd-randomizer@f28d289 asm/linker.ld
025D7DEC,fopAcM_createItemForPresentDemo,twwhd-randomizer@f28d289 asm/linker.ld
025D7A58,fopAcM_orderOtherEventId,twwhd-randomizer@f28d289 asm/linker.ld
025D76A8,fopAcM_orderSpeakEvent,twwhd-randomizer@f28d289 asm/linker.ld
025BCECC,SoldOutItem,twwhd-randomizer@f28d289 asm/linker.ld
025BD22C,getSelectItemNo,twwhd-randomizer@f28d289 asm/linker.ld
025B5C4C,setEquipBottleItemEmpty,twwhd-randomizer@f28d289 asm/linker.ld
025B9834,setRestartOption,twwhd-randomizer@f28d289 asm/linker.ld
0200ECD4,cLib_addCalc,twwhd-randomizer@f28d289 asm/linker.ld
025D5218,fopAcIt_Judge,twwhd-randomizer@f28d289 asm/linker.ld
02520230,dComIfG_changeOpeningScene,twwhd-randomizer@f28d289 asm/linker.ld
025B9A18,dSv_info_c_init,twwhd-randomizer@f28d289 asm/linker.ld
0251677C,dCcD_Sph_Set,twwhd-randomizer@f28d289 asm/linker.ld
025D54C4,fopAcM_SearchByID,twwhd-randomizer@f28d289 asm/linker.ld
0252012C,dComIfGp_setNextStage,twwhd-randomizer@f28d289 asm/linker.ld
025E1928,subBgmStop_load_data,twwhd-randomizer@f28d289 asm/linker.ld
02516300,GetTgHitObj,twwhd-randomizer@f28d289 asm/linker.ld
025DC86C,fopScnM_ChangeReq,twwhd-randomizer@f28d289 asm/linker.ld
025200D4,FUN_025200d4,twwhd-randomizer@f28d289 asm/linker.ld
02721880,FUN_02721880,twwhd-randomizer@f28d289 asm/linker.ld
025E1918,subBgmStart_load_data,twwhd-randomizer@f28d289 asm/linker.ld
021815E8,itemActionForArrow,twwhd-randomizer@f28d289 asm/linker.ld
02180DE4,itemActionForRupee,twwhd-randomizer@f28d289 asm/linker.ld
025C3748,dStage_changeScene,twwhd-randomizer@f28d289 asm/linker.ld
028F4384,sqrtf,twwhd-randomizer@f28d289 asm/linker.ld
021A4318,daKnob_00_setEventPrm,twwhd-randomizer@f28d289 asm/linker.ld
025DE1B8,fopAcM_delete,twwhd-randomizer@f28d289 asm/linker.ld
02543F10,getEventIdx,twwhd-randomizer@f28d289 asm/linker.ld
025440C8,endCheck,twwhd-randomizer@f28d289 asm/linker.ld
023472BC,daObjFtree_talk_main,twwhd-randomizer@f28d289 asm/linker.ld
025BD600,dSnap_PhotoIndex2TableIndex,twwhd-randomizer@f28d289 asm/linker.ld
0229FE28,isFigureGet,twwhd-randomizer@f28d289 asm/linker.ld
0229FF88,setFigure,twwhd-randomizer@f28d289 asm/linker.ld
02680DE0,GetQuadrantAtLocation,twwhd-randomizer@f28d289 asm/linker.ld
0267A204,GetWarpQuadrantByIndex,twwhd-randomizer@f28d289 asm/linker.ld
02681AD0,SetAdjacentWarpButton,twwhd-randomizer@f28d289 asm/linker.ld
1010394C,safestring_vtbl_1010394c,twwhd-randomizer@f28d289 asm/linker.ld
101F84DC,gameInfo_ptr,twwhd-randomizer@f28d289 asm/linker.ld
1047E6C8,mStayNo,twwhd-randomizer@f28d289 asm/linker.ld
101F5088,something_button_related,twwhd-randomizer@f28d289 asm/linker.ld
1005336C,GTower_str,twwhd-randomizer@f28d289 asm/linker.ld
10003D28,Ojhous_str,twwhd-randomizer@f28d289 asm/linker.ld
1000EFE8,y_diff_float,twwhd-randomizer@f28d289 asm/linker.ld
101F8344,some_gfx_ptr,twwhd-randomizer@f28d289 asm/linker.ld
025FCB90,replaceItemCount,twwhd-randomizer@f28d289 asm/linker.ld
025FCE5C,replaceItemUnit,twwhd-randomizer@f28d289 asm/linker.ld
101092D8,original_last_warp_button_name,twwhd-randomizer@f28d289 asm/linker.ld
101F3BDC,g_fpcLf_Method,twwhd-randomizer@f28d289 asm/linker.ld
101F3088,g_fopAc_Method,twwhd-randomizer@f28d289 asm/linker.ld
101EB850,shopItems_setData_FoodAll,twwhd-randomizer@f28d289 asm/linker.ld
47D4B717,current_file_idx,twwhd-randomizer@f28d289 asm/linker.ld
02760ACC,task_ThreadEntry,"WW-3 disasm: OSSetThreadSpecific(slot at *(0x101F8B94)+36, argv=task), task_MessageLoop(task), task+128 = 3, return 0; no direct caller (a thread entry)"
0275FFCC,task_MessageLoop,"WW-3 disasm: task_ReceiveMessage(task+28, task+116) until it returns task+120 (stop), each other message to task->vtable(+12)[124](task, msg); only caller task_ThreadEntry"
02760374,task_ReceiveMessage,"WW-3 disasm: OSReceiveMessage(q+4, &m, r4 == 0 ? BLOCK : 0), returns m.message or 0; save-det trace f1500: OSReceiveMessage lr 02760394, flags 1"
02760338,task_SendMessage,"WW-3 disasm: OSSendMessage(q+4, {r4}, r5 == 0 ? BLOCK : 0), returns 1 if sent; save-det trace f1500: OSSendMessage lr 0276035C, flags 0"
0275FEFC,task_Post,"WW-3 disasm: task_SendMessage(task+28, msg, r5) unless msg is 0 or task+120 (stop) or task+128 is 3 or 4"
0275FF34,task_RequestStop,"WW-3 disasm: returns if task+128 is 3 or 4; 1 becomes 2; sends task+120 (stop) to task+28, via task_SendMessage (blocking) when r4 == 0, else f_027603B0"
